t,NB,gamma1_F,NB_x_gamma1
t=0.25,4,-4.7471680000e-08,-1.8988672000e-07
t=0.25,8,-2.3735840000e-08,-1.8988672000e-07
t=0.25,16,-1.1867920000e-08,-1.8988672000e-07
t=0.25,32,-5.9339600000e-09,-1.8988672000e-07
t=0.25,64,-2.9669800000e-09,-1.8988672000e-07
t=0.25,128,-1.4834900000e-09,-1.8988672000e-07
t=0.50,4,-5.3382860000e-06,-2.1353144000e-05
t=0.50,8,-2.6691430000e-06,-2.1353144000e-05
t=0.50,16,-1.3345720000e-06,-2.1353152000e-05
t=0.50,32,-6.6728580000e-07,-2.1353145600e-05
t=0.50,64,-3.3364290000e-07,-2.1353145600e-05
t=0.50,128,-1.6682140000e-07,-2.1353139200e-05
t=0.75,4,-7.6674150000e-05,-3.0669660000e-04
t=0.75,8,-3.8337070000e-05,-3.0669656000e-04
t=0.75,16,-1.9168540000e-05,-3.0669664000e-04
t=0.75,32,-9.5842690000e-06,-3.0669660800e-04
t=0.75,64,-4.7921340000e-06,-3.0669657600e-04
t=0.75,128,-2.3960670000e-06,-3.0669657600e-04
t=1.00,4,-4.6419080000e-04,-1.8567632000e-03
t=1.00,8,-2.3209540000e-04,-1.8567632000e-03
t=1.00,16,-1.1604770000e-04,-1.8567632000e-03
t=1.00,32,-5.8023850000e-05,-1.8567632000e-03
t=1.00,64,-2.9011920000e-05,-1.8567628800e-03
t=1.00,128,-1.4505960000e-05,-1.8567628800e-03
